foi,attribute,instance,parent_instance,notation,label,definition,reference,citation,isproperty,concept_definition,pub_chem,inchi_key,inchi
Layer-Horizon,textSilt,mSi_ISO,Si_ISO,mSi_ISO,Medium silt (0.0063 - 0.02 mm),Content of mineral particles with sizes between 6.3-20 µm in soil,https://www.iso.org/standard/66345.html,,True,"ISO 14688-1:2017 Geotechnical investigation and testing — Identification and classification of soil ;S.J. Blott and K. Pye, Particle size scales and classification of sediment types based on particle size distributions: Review and recommended procedures, Sedimentology, 59 (7) (2012), pp. 2071-2096.  ",,,
Layer-Horizon,textSilt,fSi_ISO,Si_ISO,fSi_ISO,Fine silt (0.002 - 0.0063 mm),Content of mineral particles with sizes between 2-6.3 µm in soil,https://www.iso.org/standard/66345.html,,True,"ISO 14688-1:2017 Geotechnical investigation and testing — Identification and classification of soil ;S.J. Blott and K. Pye, Particle size scales and classification of sediment types based on particle size distributions: Review and recommended procedures, Sedimentology, 59 (7) (2012), pp. 2071-2096.  ",,,
Layer-Horizon,textSilt,cSi_ISO,Si_ISO,cSi_ISO,Coarse silt (0.02 - 0.063 mm),Content of mineral particles with sizes between 20-63 µm in soil,https://www.iso.org/standard/66345.html,,True,"ISO 14688-1:2017 Geotechnical investigation and testing — Identification and classification of soil ;S.J. Blott and K. Pye, Particle size scales and classification of sediment types based on particle size distributions: Review and recommended procedures, Sedimentology, 59 (7) (2012), pp. 2071-2096.  ",,,
Layer-Horizon,textSilt,Si_ISSS,,Si_ISSS,Silt (0.002 - 0.02 mm),Content of mineral particles with sizes between 2-20 µm in soil,https://doi.org/10.1016/j.geoderma.2022.115783,,True,"ISO 14688-1:2017 Geotechnical investigation and testing — Identification and classification of soil ;S.J. Blott and K. Pye, Particle size scales and classification of sediment types based on particle size distributions: Review and recommended procedures, Sedimentology, 59 (7) (2012), pp. 2071-2096.  ",,,
Layer-Horizon,textSilt,Si_USDA,,Si_USDA,Silt (0.002 - 0.05 mm),Content of mineral particles with sizes between 2-50 µm in soil,https://doi.org/10.1111/j.1365-3091.2012.01335.x,,True,"ISO 14688-1:2017 Geotechnical investigation and testing — Identification and classification of soil ;S.J. Blott and K. Pye, Particle size scales and classification of sediment types based on particle size distributions: Review and recommended procedures, Sedimentology, 59 (7) (2012), pp. 2071-2096.  ",,,
Layer-Horizon,textSilt,Si_ISO,,Si_ISO,Silt (0.002 - 0.063 mm),Content of mineral particles with sizes between 2-63 µm in soil,https://www.iso.org/standard/66345.html,,True,"ISO 14688-1:2017 Geotechnical investigation and testing — Identification and classification of soil ;S.J. Blott and K. Pye, Particle size scales and classification of sediment types based on particle size distributions: Review and recommended procedures, Sedimentology, 59 (7) (2012), pp. 2071-2096.  ",,,
Layer-Horizon,textSilt,cSi_USDA,Si_USDA,cSi_USDA,Coarse silt (0.02 - 0.05 mm),Content of mineral particles with sizes between 20-50 µm in soil,https://doi.org/10.1111/j.1365-3091.2012.01335.x,,True,"ISO 14688-1:2017 Geotechnical investigation and testing — Identification and classification of soil ;S.J. Blott and K. Pye, Particle size scales and classification of sediment types based on particle size distributions: Review and recommended procedures, Sedimentology, 59 (7) (2012), pp. 2071-2096.  ",,,
Layer-Horizon,textSilt,fSi_USDA,Si_USDA,fSi_USDA,Fine silt (0.002 - 0.02 mm),Content of mineral particles with sizes between 2-20 µm in soil,https://doi.org/10.1111/j.1365-3091.2012.01335.x,,True,"ISO 14688-1:2017 Geotechnical investigation and testing — Identification and classification of soil ;S.J. Blott and K. Pye, Particle size scales and classification of sediment types based on particle size distributions: Review and recommended procedures, Sedimentology, 59 (7) (2012), pp. 2071-2096.  ",,,
Layer-Horizon,sand,SWD3,,SWD3,Sand Water Dispersible 0.3,"Sand water dispersible at 0.3 refers to the portion of sand particles in the soil that can be dispersed into water under a specific condition, where the dispersion occurs at a 0.3 pressure. This measurement indicates how easily the sand fraction of the soil can break apart and be suspended in water. Dispersible sand is important in evaluating soil structure and its susceptibility to erosion and runoff. Source: Soil Science Society of America.",,,True,ISRIC Report 2019/01: Tier 1 and Tier 2 data in the context of the federated Global Soil Information System. Appendix 3,,,
Layer-Horizon,sand,SWDT,,SWDT,Sand Water Dispersible Total,"Sand water dispersible total refers to the sum of all sand particles that can be dispersed into water across a range of pressures, usually reflecting the total amount of dispersible sand in the soil. This value is important in understanding the overall erodibility of a soil, as high dispersibility is linked to increased susceptibility to erosion and degradation. Source: Soil Science Society of America.",,,True,ISRIC Report 2019/01: Tier 1 and Tier 2 data in the context of the federated Global Soil Information System. Appendix 3,,,
Layer-Horizon,sand,SWD2,,SWD2,Sand Water Dispersible 0.2,"Sand water dispersible at 0.2 measures the sand fraction that can be dispersed at a 0.2 pressure. This parameter is crucial for evaluating the soil’s risk for erosion, particularly for sandy soils where the potential for particle dispersion can lead to structural degradation. Source: Soil Science Society of America.",,,True,ISRIC Report 2019/01: Tier 1 and Tier 2 data in the context of the federated Global Soil Information System. Appendix 3,,,
Layer-Horizon,sand,SWD4,,SWD4,Sand Water Dispersible 0.4,"Sand water dispersible at 0.4 measures the fraction of sand particles that can be dispersed at a 0.4 pressure. This is useful for understanding how sand interacts with water under varying levels of stress, providing insight into soil stability, especially in sandy soils where dispersion might influence the soil structure and erosion potential. Source: Soil Science Society of America.",,,True,ISRIC Report 2019/01: Tier 1 and Tier 2 data in the context of the federated Global Soil Information System. Appendix 3,,,
Layer-Horizon,sand,SWD1,,SWD1,Sand Water Dispersible 0.1,"Sand water dispersible at 0.1 indicates the sand fraction of soil that can be dispersed into water under a pressure of 0.1. This measure helps assess the ease with which sand particles can separate from aggregates and become suspended in water, impacting soil erosion potential and water retention characteristics. Source: Soil Science Society of America.",,,True,ISRIC Report 2019/01: Tier 1 and Tier 2 data in the context of the federated Global Soil Information System. Appendix 3,,,
Layer-Horizon,sand,SWD5,,SWD5,Sand Water Dispersible 0.5,"Sand water dispersible at 0.5 refers to the amount of sand particles that can be dispersed into water when subjected to a pressure of 0.5. This measure is used to assess the potential for soil degradation, particularly in sandy soils where dispersion may lead to erosion or changes in soil structure. Source: Soil Science Society of America.",,,True,ISRIC Report 2019/01: Tier 1 and Tier 2 data in the context of the federated Global Soil Information System. Appendix 3,,,
Layer-Horizon,waterRetention,WRG100,,WRG100,Water Retention Gravimetric 100 kPa,"Gravimetric water retention at 100 kPa measures the water retained by the soil at this specific pressure, using the gravimetric method. It indicates the moisture available to plants between field capacity and the wilting point, providing a useful measurement for soil water management. Source: Soil Science Society of America.",,,True,ISRIC Report 2019/01: Tier 1 and Tier 2 data in the context of the federated Global Soil Information System. Appendix 3,,,
Layer-Horizon,waterRetention,WRG33,,WRG33,Water Retention Gravimetric 33 kPa,"Gravimetric water retention at 33 kPa measures the amount of water retained by the soil at this specific pressure, determined by the mass of water held in the soil when subjected to the 33 kPa suction. It reflects the soil’s capacity to hold water available to plants under conditions of moderate water stress. Source: Soil Science Society of America.",,,True,ISRIC Report 2019/01: Tier 1 and Tier 2 data in the context of the federated Global Soil Information System. Appendix 3,,,
Layer-Horizon,waterRetention,WRG1500,,WRG1500,Water Retention Gravimetric 1500 kPa,"Gravimetric water retention at 1500 kPa refers to the mass of water retained by the soil at this pressure, as measured by the gravimetric method (weighing the soil before and after drying). This pressure represents the point at which water is tightly held by the soil and is no longer easily accessible to plants, closely corresponding to the permanent wilting point. Source: Soil Science Society of America.",,,True,ISRIC Report 2019/01: Tier 1 and Tier 2 data in the context of the federated Global Soil Information System. Appendix 3,,,
Layer-Horizon,waterRetention,WRV10,,WRV10,Water Retention Volumetric 10 kPa,"Water retention at 10 kPa measures the volumetric water content of the soil at this pressure, which is typically considered within the zone of plant-available water. At 10 kPa, the soil retains water that can be easily accessed by plants for growth and physiological processes. Source: Soil Science Society of America.",,,True,ISRIC Report 2019/01: Tier 1 and Tier 2 data in the context of the federated Global Soil Information System. Appendix 3,,,
Layer-Horizon,waterRetention,WRV1500,,WRV1500,Water Retention Volumetric 1500 kPa,"Water retention at 1500 kPa (or field capacity) measures the amount of water that a soil can hold at this specific suction pressure. This is a critical indicator of the soil's ability to retain water against gravity after it has drained. At 1500 kPa, the soil's moisture content represents the point at which most of the water available for plant use has been drained, and it is typically considered the permanent wilting point. Source: Soil Science Society of America.",,,True,ISRIC Report 2019/01: Tier 1 and Tier 2 data in the context of the federated Global Soil Information System. Appendix 3,,,
Layer-Horizon,waterRetention,WRV33,,WRV33,Water Retention Volumetric 33 kPa,"Water retention at 33 kPa represents the volumetric water content in soil at a pressure of 33 kPa, which is often associated with the field capacity of the soil. At this pressure, water is held in the soil that is available for most plant species, providing a balance between water retention and drainage. Source: Soil Science Society of America.",,,True,ISRIC Report 2019/01: Tier 1 and Tier 2 data in the context of the federated Global Soil Information System. Appendix 3,,,
Layer-Horizon,waterRetention,WRV,,WRV,Water Retention Volumetric,"Volumetric water retention refers to the amount of water retained in the soil, expressed as a volume per unit volume of soil. This measure is crucial for understanding the soil's ability to retain and supply water to plants, and it is often assessed at different matric potentials, such as 33 kPa or 1500 kPa, depending on the context. Source: Soil Science Society of America.",,,True,ISRIC Report 2019/01: Tier 1 and Tier 2 data in the context of the federated Global Soil Information System. Appendix 3,,,
Layer-Horizon,waterRetention,WRG6,,WRG6,Water Retention Gravimetric 6 kPa,"Gravimetric water retention at 6 kPa measures the soil's water content at a low suction pressure, typically indicative of the moisture available to plants under less favorable conditions. The gravimetric method involves weighing the soil before and after drying to assess the retained water. Source: Soil Science Society of America.",,,True,ISRIC Report 2019/01: Tier 1 and Tier 2 data in the context of the federated Global Soil Information System. Appendix 3,,,
Layer-Horizon,waterRetention,WRV200,,WRV200,Water Retention Volumetric 200 kPa,"Water retention at 200 kPa refers to the volumetric water content retained by the soil at a 200 kPa pressure. This measurement typically lies between the field capacity and wilting point, giving an indication of the soil’s ability to hold water that plants can access under moderate stress conditions. Source: Soil Science Society of America.",,,True,ISRIC Report 2019/01: Tier 1 and Tier 2 data in the context of the federated Global Soil Information System. Appendix 3,,,
Layer-Horizon,waterRetention,WRG10,,WRG10,Water Retention Gravimetric 10 kPa,"Gravimetric water retention at 10 kPa measures the water held in the soil at 10 kPa pressure, commonly representing the moisture content that is available to plants under normal growing conditions. This measurement is crucial for assessing the soil’s capacity to retain and supply water to plants. Source: Soil Science Society of America.",,,True,ISRIC Report 2019/01: Tier 1 and Tier 2 data in the context of the federated Global Soil Information System. Appendix 3,,,
Layer-Horizon,waterRetention,WRG,,WRG,Water Retention Gravimetric,"Gravimetric water retention refers to the amount of water held by the soil measured by weight, often expressed in terms of mass per unit mass of soil. It is a fundamental method for assessing soil moisture content and can be determined at various suction pressures like 33 kPa or 1500 kPa. Source: Soil Science Society of America.",,,True,ISRIC Report 2019/01: Tier 1 and Tier 2 data in the context of the federated Global Soil Information System. Appendix 3,,,
Layer-Horizon,waterRetention,WRV6,,WRV6,Water Retention Volumetric 6 kPa,"Volumetric water retention at 6 kPa measures the soil’s ability to hold water at a low pressure, typically indicating the moisture content available to plants under conditions of mild water stress. It is important for understanding the soil's water-holding capacity and potential for plant growth. Source: Soil Science Society of America.",,,True,ISRIC Report 2019/01: Tier 1 and Tier 2 data in the context of the federated Global Soil Information System. Appendix 3,,,
Layer-Horizon,waterRetention,WRG500,,WRG500,Water Retention Gravimetric 500 kPa,"Gravimetric water retention at 500 kPa indicates the amount of water retained in the soil at this pressure. This is closer to the permanent wilting point, with the gravimetric method determining the mass of water held in the soil at this specific tension. Source: Soil Science Society of America.",,,True,ISRIC Report 2019/01: Tier 1 and Tier 2 data in the context of the federated Global Soil Information System. Appendix 3,,,
Layer-Horizon,waterRetention,WRG200,,WRG200,Water Retention Gravimetric 200 kPa,"Gravimetric water retention at 200 kPa is the mass of water retained by the soil at this specific suction pressure. It provides insight into the soil’s ability to retain water that is not easily lost by evaporation, offering a more accurate measurement of water held at pressures significant for plant growth. Source: Soil Science Society of America.",,,True,ISRIC Report 2019/01: Tier 1 and Tier 2 data in the context of the federated Global Soil Information System. Appendix 3,,,
Layer-Horizon,waterRetention,WRV100,,WRV100,Water Retention Volumetric 100 kPa,"Water retention at 100 kPa measures the volumetric water content in the soil at this pressure. This value is often used to assess the availability of water for plant uptake under normal conditions, as it lies between field capacity and the wilting point for many soils. Source: Soil Science Society of America.",,,True,ISRIC Report 2019/01: Tier 1 and Tier 2 data in the context of the federated Global Soil Information System. Appendix 3,,,
Layer-Horizon,waterRetention,WRV500,,WRV500,Water Retention Volumetric 500 kPa,"Water retention at 500 kPa measures the volumetric water content of the soil at a pressure of 500 kPa, which lies between field capacity and permanent wilting point. This pressure is commonly used in assessing soil water retention characteristics for plants that are not able to access water at extremely low pressures. The volumetric water content at 500 kPa indicates the soil's capacity to hold water that is readily available for plant uptake. Source: Soil Science Society of America.",,,True,ISRIC Report 2019/01: Tier 1 and Tier 2 data in the context of the federated Global Soil Information System. Appendix 3,,,
Layer-Horizon,clay,CC,,CC,Clay Carbonate,"Clay carbonate refers to clay particles that are associated with or contain carbonate minerals, particularly calcium carbonate (CaCO₃). These carbonates are typically present in soils with higher pH (alkaline soils), and they play a significant role in buffering soil acidity. Clay-carbonate soils are found in regions with semi-arid and arid climates, where evaporation exceeds precipitation. These soils can have distinct properties, including a lower cation exchange capacity compared to non-carbonate soils and an ability to neutralize soil acidity, influencing both soil fertility and plant growth. Source: Brady & Weil (2017), The Nature and Properties of Soils.",,,True,ISRIC Report 2019/01: Tier 1 and Tier 2 data in the context of the federated Global Soil Information System. Appendix 3,,,
Layer-Horizon,clay,CNC,,CNC,Clay Non-Carbonate,"Clay non-carbonate refers to the fraction of clay particles in soil that do not contain carbonates. Clay particles are very fine mineral components that contribute to the soil's texture and are typically smaller than 0.002 mm in diameter. The term non-carbonate implies that these clay particles are not associated with carbonate minerals, such as calcium carbonate (lime), which are commonly found in soils in arid or semi-arid regions. Non-carbonate clay soils are often more acidic, with higher cation exchange capacity, and may require different management practices, especially for nutrient availability and soil pH control. Source: Brady & Weil (2017), The Nature and Properties of Soils.",,,True,ISRIC Report 2019/01: Tier 1 and Tier 2 data in the context of the federated Global Soil Information System. Appendix 3,,,
Layer-Horizon,clay,CWT,,CWT,Clay Water Dispersible,"Clay water dispersible refers to the portion of clay particles in soil that can be dispersed into water, forming a suspension when the soil is wetted. This characteristic is significant in assessing soil stability, particularly in the presence of water. Water-dispersible clays can lead to erosion problems, as the particles are more easily detached and transported by water. This term is important in understanding soil erodibility, especially in soils with high clay content that are prone to degradation when subjected to rainfall or irrigation. The dispersibility of clay affects both the physical structure and water-holding capacity of the soil. Source: Soil Science Society of America.",,,True,ISRIC Report 2019/01: Tier 1 and Tier 2 data in the context of the federated Global Soil Information System. Appendix 3,,,
Layer-Horizon,textSand,fSa_ISSS,Sa_ISSS,fSa_ISSS,Fine sand (0.125 - 0.2 mm),Content of mineral particles with sizes between 0.02-0.2 mm in soil,https://doi.org/10.1016/j.geoderma.2022.115783,,True,"ISO 14688-1:2017 Geotechnical investigation and testing — Identification and classification of soil ;S.J. Blott and K. Pye, Particle size scales and classification of sediment types based on particle size distributions: Review and recommended procedures, Sedimentology, 59 (7) (2012), pp. 2071-2096.  ;International Society of Soil Science (ISSS), 1929. The minutes of the First Commission meetings, International Congress of Soil Science, Washington 1927. Proc. Int. Soc. Soil Sci. 4 (3), pp. 215–222.",,,
Layer-Horizon,textSand,mSa_ISSS,Sa_ISSS,mSa_ISSS,Medium sand (0.2 - 0.63 mm),Content of mineral particles with sizes between 0.2-0.63 mm in soil,https://doi.org/10.1016/j.geoderma.2022.115783,,True,"ISO 14688-1:2017 Geotechnical investigation and testing — Identification and classification of soil ;S.J. Blott and K. Pye, Particle size scales and classification of sediment types based on particle size distributions: Review and recommended procedures, Sedimentology, 59 (7) (2012), pp. 2071-2096.  ;International Society of Soil Science (ISSS), 1929. The minutes of the First Commission meetings, International Congress of Soil Science, Washington 1927. Proc. Int. Soc. Soil Sci. 4 (3), pp. 215–222.",,,
Layer-Horizon,textSand,cSa_USDA,Sa_USDA,cSa_USDA,Coarse sand (0.5 - 1 mm),Content of mineral particles with sizes between 0.5-1 mm in soil,https://doi.org/10.1111/j.1365-3091.2012.01335.x,,True,"ISO 14688-1:2017 Geotechnical investigation and testing — Identification and classification of soil ;S.J. Blott and K. Pye, Particle size scales and classification of sediment types based on particle size distributions: Review and recommended procedures, Sedimentology, 59 (7) (2012), pp. 2071-2096.  ;International Society of Soil Science (ISSS), 1929. The minutes of the First Commission meetings, International Congress of Soil Science, Washington 1927. Proc. Int. Soc. Soil Sci. 4 (3), pp. 215–222.",,,
Layer-Horizon,textSand,vfSa_ISSS,Sa_ISSS,vfSa_ISSS,Very fine sand (0.063 - 0.125 mm),Content of mineral particles with sizes between 0.063-0.125 mm in soil,https://doi.org/10.1016/j.geoderma.2022.115783,,True,"ISO 14688-1:2017 Geotechnical investigation and testing — Identification and classification of soil ;S.J. Blott and K. Pye, Particle size scales and classification of sediment types based on particle size distributions: Review and recommended procedures, Sedimentology, 59 (7) (2012), pp. 2071-2096.  ;International Society of Soil Science (ISSS), 1929. The minutes of the First Commission meetings, International Congress of Soil Science, Washington 1927. Proc. Int. Soc. Soil Sci. 4 (3), pp. 215–222.",,,
Layer-Horizon,textSand,vcSa_ISSS,Sa_ISSS,vcSa_ISSS,Very coarse sand (1.25 - 2 mm),Content of mineral particles with sizes between 1.25-2 mm in soil,https://doi.org/10.1016/j.geoderma.2022.115783,,True,"ISO 14688-1:2017 Geotechnical investigation and testing — Identification and classification of soil ;S.J. Blott and K. Pye, Particle size scales and classification of sediment types based on particle size distributions: Review and recommended procedures, Sedimentology, 59 (7) (2012), pp. 2071-2096.  ;International Society of Soil Science (ISSS), 1929. The minutes of the First Commission meetings, International Congress of Soil Science, Washington 1927. Proc. Int. Soc. Soil Sci. 4 (3), pp. 215–222.",,
Layer-Horizon,textSand,cSa_ISO,Sa_ISO,cSa_ISO,Coarse sand (0.63 - 2 mm),Content of mineral particles with sizes between 0.63-2 mm in soil,https://www.iso.org/standard/66345.html,,True,"ISO 14688-1:2017 Geotechnical investigation and testing — Identification and classification of soil ;S.J. Blott and K. Pye, Particle size scales and classification of sediment types based on particle size distributions: Review and recommended procedures, Sedimentology, 59 (7) (2012), pp. 2071-2096.  ;International Society of Soil Science (ISSS), 1929. The minutes of the First Commission meetings, International Congress of Soil Science, Washington 1927. Proc. Int. Soc. Soil Sci. 4 (3), pp. 215–222.",,,
Layer-Horizon,textSand,fSa_ISO,Sa_ISO,fSa_ISO,Fine sand (0.063 - 0.2 mm),Content of mineral particles with sizes between 0.063-0.2 mm in soil,https://www.iso.org/standard/66345.html,,True,"ISO 14688-1:2017 Geotechnical investigation and testing — Identification and classification of soil ;S.J. Blott and K. Pye, Particle size scales and classification of sediment types based on particle size distributions: Review and recommended procedures, Sedimentology, 59 (7) (2012), pp. 2071-2096.  ;International Society of Soil Science (ISSS), 1929. The minutes of the First Commission meetings, International Congress of Soil Science, Washington 1927. Proc. Int. Soc. Soil Sci. 4 (3), pp. 215–222.",,,
Layer-Horizon,textSand,Sa_ISSS,,Sa_ISSS,Sand (0.02 - 2 mm),Content of mineral particles with sizes between 0.020-2 mm in soil,https://doi.org/10.1016/j.geoderma.2022.115783,,True,"ISO 14688-1:2017 Geotechnical investigation and testing — Identification and classification of soil ;S.J. Blott and K. Pye, Particle size scales and classification of sediment types based on particle size distributions: Review and recommended procedures, Sedimentology, 59 (7) (2012), pp. 2071-2096.  ;International Society of Soil Science (ISSS), 1929. The minutes of the First Commission meetings, International Congress of Soil Science, Washington 1927. Proc. Int. Soc. Soil Sci. 4 (3), pp. 215–222.",,,
Layer-Horizon,textSand,cSa_ISSS,Sa_ISSS,cSa_ISSS,Coarse sand (0.2 - 2 mm),Content of mineral particles with sizes between 0.2-2 mm in soil,https://doi.org/10.1016/j.geoderma.2022.115783,,True,"ISO 14688-1:2017 Geotechnical investigation and testing — Identification and classification of soil ;S.J. Blott and K. Pye, Particle size scales and classification of sediment types based on particle size distributions: Review and recommended procedures, Sedimentology, 59 (7) (2012), pp. 2071-2096.  ;International Society of Soil Science (ISSS), 1929. The minutes of the First Commission meetings, International Congress of Soil Science, Washington 1927. Proc. Int. Soc. Soil Sci. 4 (3), pp. 215–222.",,,
Layer-Horizon,textSand,mSa_USDA,Sa_USDA,mSa_USDA,Medium sand (0.25 - 0.5 mm),Content of mineral particles with sizes between 0.25-0.5 mm in soil,https://doi.org/10.1111/j.1365-3091.2012.01335.x,,True,"ISO 14688-1:2017 Geotechnical investigation and testing — Identification and classification of soil ;S.J. Blott and K. Pye, Particle size scales and classification of sediment types based on particle size distributions: Review and recommended procedures, Sedimentology, 59 (7) (2012), pp. 2071-2096.  ;International Society of Soil Science (ISSS), 1929. The minutes of the First Commission meetings, International Congress of Soil Science, Washington 1927. Proc. Int. Soc. Soil Sci. 4 (3), pp. 215–222.",,,
Layer-Horizon,textSand,vcSa_USDA,Sa_USDA,vcSa_USDA,Very coarse sand (1 - 2 mm),Content of mineral particles with sizes between 1-2 mm in soil,https://doi.org/10.1111/j.1365-3091.2012.01335.x,,True,"ISO 14688-1:2017 Geotechnical investigation and testing — Identification and classification of soil ;S.J. Blott and K. Pye, Particle size scales and classification of sediment types based on particle size distributions: Review and recommended procedures, Sedimentology, 59 (7) (2012), pp. 2071-2096.  ;International Society of Soil Science (ISSS), 1929. The minutes of the First Commission meetings, International Congress of Soil Science, Washington 1927. Proc. Int. Soc. Soil Sci. 4 (3), pp. 215–222.",,,
Layer-Horizon,textSand,vfSa_USDA,Sa_USDA,vfSa_USDA,Very fine sand (0.05 - 0.1 mm),Content of mineral particles with sizes between 0.05-0.1 mm in soil,https://doi.org/10.1111/j.1365-3091.2012.01335.x,,True,"ISO 14688-1:2017 Geotechnical investigation and testing — Identification and classification of soil ;S.J. Blott and K. Pye, Particle size scales and classification of sediment types based on particle size distributions: Review and recommended procedures, Sedimentology, 59 (7) (2012), pp. 2071-2096.  ;International Society of Soil Science (ISSS), 1929. The minutes of the First Commission meetings, International Congress of Soil Science, Washington 1927. Proc. Int. Soc. Soil Sci. 4 (3), pp. 215–222.",,,
Layer-Horizon,textSand,Sa_ISO,,Sa_ISO,Sand (0.063  - 2 mm),Content of mineral particles with sizes between 0.063-2 mm in soil,https://www.iso.org/standard/66345.html,,True,"ISO 14688-1:2017 Geotechnical investigation and testing — Identification and classification of soil ;S.J. Blott and K. Pye, Particle size scales and classification of sediment types based on particle size distributions: Review and recommended procedures, Sedimentology, 59 (7) (2012), pp. 2071-2096.  ;International Society of Soil Science (ISSS), 1929. The minutes of the First Commission meetings, International Congress of Soil Science, Washington 1927. Proc. Int. Soc. Soil Sci. 4 (3), pp. 215–222.",,,
Layer-Horizon,textSand,Sa_USDA,,Sa_USDA,Sand (0.050  - 2 mm),Content of mineral particles with sizes between 0.050-2 mm in soil,https://doi.org/10.1111/j.1365-3091.2012.01335.x,,True,"ISO 14688-1:2017 Geotechnical investigation and testing — Identification and classification of soil ;S.J. Blott and K. Pye, Particle size scales and classification of sediment types based on particle size distributions: Review and recommended procedures, Sedimentology, 59 (7) (2012), pp. 2071-2096.  ;International Society of Soil Science (ISSS), 1929. The minutes of the First Commission meetings, International Congress of Soil Science, Washington 1927. Proc. Int. Soc. Soil Sci. 4 (3), pp. 215–222.",,,
Layer-Horizon,textSand,mSa_ISO,Sa_ISO,mSa_ISO,Medium sand (0.2 - 0.63 mm),Content of mineral particles with sizes between 0.02-0.63 mm in soil,https://www.iso.org/standard/66345.html,,True,"ISO 14688-1:2017 Geotechnical investigation and testing — Identification and classification of soil ;S.J. Blott and K. Pye, Particle size scales and classification of sediment types based on particle size distributions: Review and recommended procedures, Sedimentology, 59 (7) (2012), pp. 2071-2096.  ;International Society of Soil Science (ISSS), 1929. The minutes of the First Commission meetings, International Congress of Soil Science, Washington 1927. Proc. Int. Soc. Soil Sci. 4 (3), pp. 215–222.",,,
Layer-Horizon,textSand,fSa_USDA,Sa_USDA,fSa_USDA,Fine sand (0.1 - 0.25 mm),Content of mineral particles with sizes between 0.1-0.25 mm in soil,https://doi.org/10.1111/j.1365-3091.2012.01335.x,,True,"ISO 14688-1:2017 Geotechnical investigation and testing — Identification and classification of soil ;S.J. Blott and K. Pye, Particle size scales and classification of sediment types based on particle size distributions: Review and recommended procedures, Sedimentology, 59 (7) (2012), pp. 2071-2096.  ;International Society of Soil Science (ISSS), 1929. The minutes of the First Commission meetings, International Congress of Soil Science, Washington 1927. Proc. Int. Soc. Soil Sci. 4 (3), pp. 215–222.",,,
Layer-Horizon,textClay,Cl,,Cl,Clay (< 0.002 mm),Very fine mineral particles smaller than 2 µm,https://doi.org/10.1016/j.geoderma.2022.115783,,True,"Eva Corral-Pazos-de-Provens, Ígor Rapp-Arrarás and Juan M. Domingo-Santos, Estimating textural fractions of the USDA using those of the International System: A quantile approach, Geoderma, Volume 416, 2022.",,,
Layer-Horizon,silt,SWDF2,,SWDF2,Silt Water Dispersible Fraction 0.2,"Silt water dispersible fraction at 0.2 quantifies the amount of silt particles in the soil that can be dispersed at a 0.2 pressure. Dispersible silt can have a significant impact on soil stability and is particularly relevant for understanding how silt behaves under wet conditions, affecting erosion rates and water retention. Source: Soil Science Society of America.",,,True,ISRIC Report 2019/01: Tier 1 and Tier 2 data in the context of the federated Global Soil Information System. Appendix 3,,,
Layer-Horizon,silt,SWDF1,,SWDF1,Silt Water Dispersible Fraction 0.1,"Silt water dispersible fraction at 0.1 refers to the portion of silt particles that can be dispersed into water when subjected to a 0.1 pressure. This measure helps determine the soil's erodibility, as silt tends to be more easily dispersed than sand, contributing to the formation of suspended particles in water, which can affect water quality and soil health. Source: Soil Science Society of America.",,,True,ISRIC Report 2019/01: Tier 1 and Tier 2 data in the context of the federated Global Soil Information System. Appendix 3,,,
Layer-Horizon,silt,SWDFT,,SWDFT,Silt Water Dispersible Fraction Total,"Silt water dispersible fraction total refers to the total amount of silt particles that can be dispersed into water across different pressures. This total measure indicates the overall dispersibility of silt in a soil, which is important for assessing the soil’s vulnerability to erosion and degradation, especially in soils with a high silt content. Source: Soil Science Society of America.",,,True,ISRIC Report 2019/01: Tier 1 and Tier 2 data in the context of the federated Global Soil Information System. Appendix 3,,,
Layer-Horizon,physioChemical,Alusat,,Alusat,Aluminium (Al) saturation,Measure to describe the relative abundance of alumium in the soil. It is the percentage of the CEC occupied by aluminium,,,True,"ISRIC Report 2019/01: Tier 1 and Tier 2 data in the context of the federated Global Soil Information System. Appendix 3,ISRIC Report 2014/01: Africa Soil Profiles Database Version 1.2. Annex 3a",5359268,XAGFODPZIPBFFR-UHFFFAOYSA-N,1S/Al
Layer-Horizon,physioChemical,Mandit,,Mandit,Manganese (Mn) - dithionite extractable,"'Free' manganese content extracted from amorphous compounds (weathering products) as well as crystaline, primary aluminium compounds (parent material) in the soil.",,,True,"ISRIC Report 2019/01: Tier 1 and Tier 2 data in the context of the federated Global Soil Information System. Appendix 3,ISRIC Report 2014/01: Africa Soil Profiles Database Version 1.2. Annex 3a",23930,PWHULOQIROXLJO-UHFFFAOYSA-N,1S/Mn
Layer-Horizon,physioChemical,Irodit,,Irodit,Iron (Fe) - dithionite extractable,"'Free' iron content extracted from amorphous compounds (weathering products) as well as crystaline, primary aluminium compounds (parent material) in the soil.",,,True,"ISRIC Report 2019/01: Tier 1 and Tier 2 data in the context of the federated Global Soil Information System. Appendix 3,ISRIC Report 2014/01: Africa Soil Profiles Database Version 1.2. Annex 3a",23925,XEEYBQQBJWHFJM-UHFFFAOYSA-N,1S/Fe
Layer-Horizon,physioChemical,Aluext,,Aluext,Aluminium (Al) extractable,Aluminium bound to the soil matrix but that can be released into the soil solution (i.e. become bio-available),,,True,"ISRIC Report 2019/01: Tier 1 and Tier 2 data in the context of the federated Global Soil Information System. Appendix 3,ISRIC Report 2014/01: Africa Soil Profiles Database Version 1.2. Annex 3a",5359268,XAGFODPZIPBFFR-UHFFFAOYSA-N,1S/Al
Layer-Horizon,physioChemical,Gyp,,Gyp,Gypsum content - weight,"The gypsum content, expressed as weight, refers to the soil’s calcium sulfate levels. Gypsum improves soil structure, alleviates sodicity, and enhances water infiltration. It is commonly applied to saline-sodic soils for reclamation. Source: FAO Soil Bulletin.",,,True,"ISRIC Report 2019/01: Tier 1 and Tier 2 data in the context of the federated Global Soil Information System. Appendix 3,ISRIC Report 2014/01: Africa Soil Profiles Database Version 1.2. Annex 3a",24497,,
Layer-Horizon,physioChemical,Pottot,,Pottot,Potassium (K) - total,"Total potassium includes all forms of potassium in soil, such as mineral-bound, exchangeable, and water-soluble potassium. It plays a vital role in plant growth by regulating water balance, enzyme activation, and photosynthesis. While only a fraction of total potassium is readily available to plants, it serves as a reserve to replenish exchangeable potassium over time. Adequate potassium levels improve crop yield, quality, and resistance to stress. Source: Soil Science Society of America.",,,True,"ISRIC Report 2019/01: Tier 1 and Tier 2 data in the context of the federated Global Soil Information System. Appendix 3,ISRIC Report 2014/01: Africa Soil Profiles Database Version 1.2. Annex 3a",5462222,ZLMJMSJWJFRBEC-UHFFFAOYSA-N,1S/K
Layer-Horizon,physioChemical,Photot,,Photot,Phosphorus (P) - total,"Total phosphorus includes all forms of phosphorus in the soil, both organic and inorganic. While only a fraction is plant-available, total phosphorus serves as a long-term reserve for crop nutrition. Adequate phosphorus levels are crucial for energy transfer, photosynthesis, and root development in plants. Source: Soil Chemistry by Bohn et al.",,,True,"ISRIC Report 2019/01: Tier 1 and Tier 2 data in the context of the federated Global Soil Information System. Appendix 3,ISRIC Report 2014/01: Africa Soil Profiles Database Version 1.2. Annex 3a",5462309,OAICVXFJPJFONN-UHFFFAOYSA-N,1S/P
Layer-Horizon,physioChemical,Basexc,,Basexc,Bases - exchangeable,"Exchangeable bases refer to the cations (e.g., calcium, magnesium, potassium, and sodium) adsorbed onto soil colloids, which can readily exchange with soil solution ions. These cations are crucial for maintaining soil fertility, affecting nutrient availability and pH buffering capacity. High exchangeable base levels indicate fertile soil conducive to plant growth. Source: Soil Science Society of America.",,,True,"ISRIC Report 2019/01: Tier 1 and Tier 2 data in the context of the federated Global Soil Information System. Appendix 3,ISRIC Report 2014/01: Africa Soil Profiles Database Version 1.2. Annex 3a",,,
Layer-Horizon,physioChemical,Bassum,,Bassum,Base saturation - sum of cations,"Base saturation calculated as the sum of cations represents the proportion of the cation exchange capacity (CEC) occupied by essential base cations like calcium, magnesium, potassium, and sodium. It provides insight into the soil's fertility status and its ability to resist acidification. Source: Soil Science Society of America.",,,True,"ISRIC Report 2019/01: Tier 1 and Tier 2 data in the context of the federated Global Soil Information System. Appendix 3,ISRIC Report 2014/01: Africa Soil Profiles Database Version 1.2. Annex 3a",,,
Layer-Horizon,physioChemical,Aluoxa,,Aluoxa,Aluminium (Al) - oxalate extractable,'Active' aluminium content extracted from amorphous aluminium compounds that are the products of the weathering of primary soil particles,,,True,"ISRIC Report 2019/01: Tier 1 and Tier 2 data in the context of the federated Global Soil Information System. Appendix 3,ISRIC Report 2014/01: Africa Soil Profiles Database Version 1.2. Annex 3a",5359268,XAGFODPZIPBFFR-UHFFFAOYSA-N,1S/Al
Layer-Horizon,physioChemical,CaN,,CaN,Carbon/Nitrogen (C/N) ratio,"The C/N ratio represents the proportion of carbon to nitrogen in organic matter. It influences decomposition rates and nutrient availability. A lower C/N ratio promotes rapid organic matter breakdown and nitrogen release, while a high ratio may lead to nitrogen immobilization, affecting plant growth. Source: Brady & Weil (2017).",,,True,"ISRIC Report 2019/01: Tier 1 and Tier 2 data in the context of the federated Global Soil Information System. Appendix 3,ISRIC Report 2014/01: Africa Soil Profiles Database Version 1.2. Annex 3a",,,
Layer-Horizon,physioChemical,Manpyr,,Manpyr,Manganese (Mn) - pyrophosphate extractable,Manganese in soil that is organically bound in organo-metal complexes,,,True,"ISRIC Report 2019/01: Tier 1 and Tier 2 data in the context of the federated Global Soil Information System. Appendix 3,ISRIC Report 2014/01: Africa Soil Profiles Database Version 1.2. Annex 3a",23930,PWHULOQIROXLJO-UHFFFAOYSA-N,1S/Mn
Layer-Horizon,physioChemical,ManKCl,,ManKCl,Manganese (Mn) - KCl extractable,KCl extractable manganese measures the readily available manganese fraction in soil. It provides a more accurate assessment of manganese availability to plants than total manganese. This method is commonly used for nutrient management. Source: Soil Science Society of America.,,,True,"ISRIC Report 2019/01: Tier 1 and Tier 2 data in the context of the federated Global Soil Information System. Appendix 3,ISRIC Report 2014/01: Africa Soil Profiles Database Version 1.2. Annex 3a",23930,PWHULOQIROXLJO-UHFFFAOYSA-N,1S/Mn
Layer-Horizon,physioChemical,Mol,,Mol,Molybdenum,"Molybdenum is a micronutrient essential for plant enzymes involved in nitrogen fixation and nitrate reduction. Deficiency, often observed in acidic soils, can lead to stunted growth and poor nitrogen utilization. Its availability increases with higher pH, making liming a common solution for molybdenum deficiencies. Source: Havlin et al. (2014).",,,True,"ISRIC Report 2019/01: Tier 1 and Tier 2 data in the context of the federated Global Soil Information System. Appendix 3,ISRIC Report 2014/01: Africa Soil Profiles Database Version 1.2. Annex 3a",23932,,
Layer-Horizon,physioChemical,pH,,pH,pH - Hydrogen potential,"Soil pH measures the concentration of hydrogen ions (H⁺) in the soil solution, indicating its acidity or alkalinity on a scale from 1 to 14. Neutral soils have a pH of 7, while values below 7 are acidic and above are alkaline. Soil pH significantly affects nutrient availability, microbial activity, and plant growth. For instance, nutrients like phosphorus are most available in a pH range of 6 to 7. Lime or sulfur applications can adjust soil pH to optimize conditions for crops. Source: USDA Natural Resources Conservation Service (NRCS).",,,True,"ISRIC Report 2019/01: Tier 1 and Tier 2 data in the context of the federated Global Soil Information System. Appendix 3,ISRIC Report 2014/01: Africa Soil Profiles Database Version 1.2. Annex 3a",,,
Layer-Horizon,physioChemical,Manext,,Manext,Manganese (Mn) - extractable,Manganese bound to the soil matrix but that can be released into the soil solution (i.e. become bio-available),,,True,"ISRIC Report 2019/01: Tier 1 and Tier 2 data in the context of the federated Global Soil Information System. Appendix 3,ISRIC Report 2014/01: Africa Soil Profiles Database Version 1.2. Annex 3a",23930,PWHULOQIROXLJO-UHFFFAOYSA-N,1S/Mn
Layer-Horizon,physioChemical,Borext,,Borext,Boron (B) - extractable,Boron bound to the soil matrix but that can be released into the soil solution (i.e. become bio-available),,,True,"ISRIC Report 2019/01: Tier 1 and Tier 2 data in the context of the federated Global Soil Information System. Appendix 3,ISRIC Report 2014/01: Africa Soil Profiles Database Version 1.2. Annex 3a",5462311,ZOXJGFHDIHLPTG-UHFFFAOYSA-N,1S/B
Layer-Horizon,physioChemical,Sul,,Sul,Sulfate (SO4--) - soluble,Soluble Sulfate anions accumulated in the soil. A contributor to soil salinisation.,,,True,"ISRIC Report 2019/01: Tier 1 and Tier 2 data in the context of the federated Global Soil Information System. Appendix 3,ISRIC Report 2014/01: Africa Soil Profiles Database Version 1.2. Annex 3a",1117,QAOWNCQODCNURD-UHFFFAOYSA-L,"1S/H2O4S/c1-5(2,3)4/h(H2,1,2,3,4)/p-2"
Layer-Horizon,physioChemical,Brot,,Brot,Bromite (BrO2-),"Bromite (BrO₂⁻) is a rare intermediate oxidation state of bromine, generally not prevalent in natural soils. It may arise under specific chemical or environmental conditions and is of limited importance in typical soil science contexts. Source: Environmental Chemistry Textbooks.",,,True,"ISRIC Report 2019/01: Tier 1 and Tier 2 data in the context of the federated Global Soil Information System. Appendix 3,ISRIC Report 2014/01: Africa Soil Profiles Database Version 1.2. Annex 3a",5460628,DKSMCEUSSQTGBK-UHFFFAOYSA-M,"1S/BrHO2/c2-1-3/h(H,2,3)/p-1"
Layer-Horizon,physioChemical,Calsol,,Calsol,Calcium (Ca++) - soluble,Soluble Calcium cations accumulated in the soil. A contributor to soil salinisation.,,,True,"ISRIC Report 2019/01: Tier 1 and Tier 2 data in the context of the federated Global Soil Information System. Appendix 3,ISRIC Report 2014/01: Africa Soil Profiles Database Version 1.2. Annex 3a",271,BHPQYMZQTOCNFJ-UHFFFAOYSA-N,1S/Ca/q+2
Layer-Horizon,physioChemical,Sulext,,Sulext,Sulfur (S) - extractable,Sulfur bound to the soil matrix but that can be released into the soil solution (i.e. become bio-available),,,True,"ISRIC Report 2019/01: Tier 1 and Tier 2 data in the context of the federated Global Soil Information System. Appendix 3,ISRIC Report 2014/01: Africa Soil Profiles Database Version 1.2. Annex 3a",5362487,NINIDFKCEFEMDL-UHFFFAOYSA-N,1S/S
Layer-Horizon,physioChemical,Alu,,Alu,Aluminium (Al) + 0.5 Fe oxalate,Sum of the oxalate-extractable aluminium concentration plus half the oxalate-extractable iron concentration,,,True,"ISRIC Report 2019/01: Tier 1 and Tier 2 data in the context of the federated Global Soil Information System. Appendix 3,ISRIC Report 2014/01: Africa Soil Profiles Database Version 1.2. Annex 3a",5359268,XAGFODPZIPBFFR-UHFFFAOYSA-N,1S/Al
Layer-Horizon,physioChemical,Por,,Por,Porosity,"Porosity refers to the percentage of soil volume occupied by pores or voids, which hold air and water. It directly impacts water infiltration, drainage, and root growth. Soils with high porosity are better suited for crop cultivation, as they provide good aeration and water availability. Source: Brady & Weil (2017).",,,True,"ISRIC Report 2019/01: Tier 1 and Tier 2 data in the context of the federated Global Soil Information System. Appendix 3,ISRIC Report 2014/01: Africa Soil Profiles Database Version 1.2. Annex 3a",,,
Layer-Horizon,physioChemical,Copext,,Copext,Copper (Cu) - extractable,Copper bound to the soil matrix but that can be released into the soil solution (i.e. become bio-available),,,True,"ISRIC Report 2019/01: Tier 1 and Tier 2 data in the context of the federated Global Soil Information System. Appendix 3,ISRIC Report 2014/01: Africa Soil Profiles Database Version 1.2. Annex 3a",23978,RYGMFSIKBFXOCR-UHFFFAOYSA-N,1S/Cu
Layer-Horizon,physioChemical,Irotot,,Irotot,Iron (Fe) - total,"Total iron includes all iron forms in the soil, from soluble ferrous iron (Fe²⁺) to insoluble ferric iron (Fe³⁺). Iron is essential for plant chlorophyll synthesis and various enzymatic reactions. Deficiency, often seen in alkaline soils, results in chlorosis, while excessive iron can cause toxicity in acidic soils. Source: Soil Chemistry by Bohn et al.",,,True,"ISRIC Report 2019/01: Tier 1 and Tier 2 data in the context of the federated Global Soil Information System. Appendix 3,ISRIC Report 2014/01: Africa Soil Profiles Database Version 1.2. Annex 3a",23925,XEEYBQQBJWHFJM-UHFFFAOYSA-N,1S/Fe
Layer-Horizon,physioChemical,Aluexc,,Aluexc,Aluminium (Al) exchangeable,Aluminium ions bound to exchange surfaces in the soil such as clay minerals and organic matter that can be released to the soil solution upon exchange,,,True,"ISRIC Report 2019/01: Tier 1 and Tier 2 data in the context of the federated Global Soil Information System. Appendix 3,ISRIC Report 2014/01: Africa Soil Profiles Database Version 1.2. Annex 3a",5359268,XAGFODPZIPBFFR-UHFFFAOYSA-N,1S/Al
Layer-Horizon,physioChemical,Cartot,,Cartot,Carbon (C) - total,"Total carbon in soil includes both organic carbon (from plant and microbial residues) and inorganic carbon (primarily carbonates). It is a fundamental component of soil organic matter, influencing soil fertility, structure, and water retention. High carbon levels are associated with better soil health and productivity. Source: USDA NRCS.",,,True,"ISRIC Report 2019/01: Tier 1 and Tier 2 data in the context of the federated Global Soil Information System. Appendix 3,ISRIC Report 2014/01: Africa Soil Profiles Database Version 1.2. Annex 3a",5462310,OKTJSMMVPCPJKN-UHFFFAOYSA-N,1S/C
Layer-Horizon,physioChemical,Car,,Car,Carbonate (CO3--) - soluble,"Soluble carbonates contribute to soil alkalinity and act as a pH buffer. They play a role in nutrient availability, particularly in arid and semi-arid regions, but excessive carbonates can immobilize certain nutrients like phosphorus and iron. Source: Soil Chemistry by Bohn et al.",,,True,"ISRIC Report 2019/01: Tier 1 and Tier 2 data in the context of the federated Global Soil Information System. Appendix 3,ISRIC Report 2014/01: Africa Soil Profiles Database Version 1.2. Annex 3a",19660,BVKZGUZCCUSVTD-UHFFFAOYSA-L,"1S/CH2O3/c2-1(3)4/h(H2,2,3,4)/p-2"
Layer-Horizon,physioChemical,Hyd,,Hyd,Hydrocarbonate (HCO3-) - soluble,Soluble Hydrocarbonate anions accumulated in the soil. A contributor to soil salinisation.,,,True,"ISRIC Report 2019/01: Tier 1 and Tier 2 data in the context of the federated Global Soil Information System. Appendix 3,ISRIC Report 2014/01: Africa Soil Profiles Database Version 1.2. Annex 3a",769,BVKZGUZCCUSVTD-UHFFFAOYSA-M,"1S/CH2O3/c2-1(3)4/h(H2,2,3,4)/p-1"
Layer-Horizon,physioChemical,Magext,,Magext,Magnesium (Mg) - extractable,Magnesium bound to the soil matrix but that can be released into the soil solution (i.e. become bio-available),,,True,"ISRIC Report 2019/01: Tier 1 and Tier 2 data in the context of the federated Global Soil Information System. Appendix 3,ISRIC Report 2014/01: Africa Soil Profiles Database Version 1.2. Annex 3a",5462224,FYYHWMGAXLPEAU-UHFFFAOYSA-N,1S/Mg
Layer-Horizon,physioChemical,Caltot,,Caltot,Calcium (Ca++) - total,"Total calcium in soil includes all forms, from exchangeable calcium to calcium in minerals. It is essential for plant cell wall structure, enzyme activation, and soil aggregation. Calcium levels influence soil pH and nutrient availability. Source: Havlin et al. (2014).",,,True,"ISRIC Report 2019/01: Tier 1 and Tier 2 data in the context of the federated Global Soil Information System. Appendix 3,ISRIC Report 2014/01: Africa Soil Profiles Database Version 1.2. Annex 3a",271,BHPQYMZQTOCNFJ-UHFFFAOYSA-N,1S/Ca/q+2
Layer-Horizon,physioChemical,Phoret,,Phoret,Phosphorus (P) - retention,"Phosphorus retention measures a soil's capacity to adsorb and hold phosphorus, influenced by soil texture, pH, and mineralogy. While high retention reduces leaching, it may also limit phosphorus availability to plants. Understanding phosphorus retention helps optimize fertilization and minimize environmental impacts. Source: Brady & Weil (2017).",,,True,"ISRIC Report 2019/01: Tier 1 and Tier 2 data in the context of the federated Global Soil Information System. Appendix 3,ISRIC Report 2014/01: Africa Soil Profiles Database Version 1.2. Annex 3a",5462309,OAICVXFJPJFONN-UHFFFAOYSA-N,1S/P
Layer-Horizon,physioChemical,Aciexc,,Aciexc,Acidity - exchangeable,Exchangeable acidity represents the amount of hydrogen (H⁺) and aluminum (Al³⁺) ions adsorbed onto soil particles that can be exchanged with the soil solution. It is a key factor in determining soil liming requirements and improving nutrient availability in acidic soils. Source: Brady & Weil (2017).,,,True,"ISRIC Report 2019/01: Tier 1 and Tier 2 data in the context of the federated Global Soil Information System. Appendix 3,ISRIC Report 2014/01: Africa Soil Profiles Database Version 1.2. Annex 3a",,,
Layer-Horizon,physioChemical,Carpyr,,Carpyr,Carbon (C) - pyrophosphate extractable,Carbon in soil that is organically bound in organo-metal complexes,,,True,"ISRIC Report 2019/01: Tier 1 and Tier 2 data in the context of the federated Global Soil Information System. Appendix 3,ISRIC Report 2014/01: Africa Soil Profiles Database Version 1.2. Annex 3a",5462310,OKTJSMMVPCPJKN-UHFFFAOYSA-N,1S/C
Layer-Horizon,physioChemical,Potexc,,Potexc,Potassium (K+) - exchangeable,Potassium bound to exchange surfaces in the soil such as clay minerals and organic matter that can be released to the soil solution upon exchange,,,True,"ISRIC Report 2019/01: Tier 1 and Tier 2 data in the context of the federated Global Soil Information System. Appendix 3,ISRIC Report 2014/01: Africa Soil Profiles Database Version 1.2. Annex 3a",813,NPYPAHLBTDXSSS-UHFFFAOYSA-N,1S/K/q+1
Layer-Horizon,physioChemical,Avavol,,Avavol,Available water capacity - volumetric (FC to WP),"Available water capacity (AWC) measures the volume of water soil can retain between field capacity and the permanent wilting point. It represents the water accessible to plants for uptake. High AWC supports better plant growth, while low AWC may necessitate irrigation. Source: USDA NRCS.",,,True,"ISRIC Report 2019/01: Tier 1 and Tier 2 data in the context of the federated Global Soil Information System. Appendix 3,ISRIC Report 2014/01: Africa Soil Profiles Database Version 1.2. Annex 3a",,,
Layer-Horizon,physioChemical,Cad,,Cad,Cadmium (Cd),"Cadmium is a heavy metal present in trace amounts in soils, often introduced through industrial pollution or phosphate fertilizers. It is toxic to plants, animals, and humans even at low concentrations. Monitoring cadmium levels is crucial to ensure soil safety and reduce contamination risks in the food chain. Source: Sparks, D.L. (2003).",,,True,"ISRIC Report 2019/01: Tier 1 and Tier 2 data in the context of the federated Global Soil Information System. Appendix 3,ISRIC Report 2014/01: Africa Soil Profiles Database Version 1.2. Annex 3a",23973,BDOSMKKIYDKNTQ-UHFFFAOYSA-N,1S/Cd
Layer-Horizon,physioChemical,Nittot,,Nittot,Nitrogen (N) - total,"Total nitrogen encompasses all nitrogen forms in soil, including organic nitrogen in humus and inorganic nitrogen such as ammonium (NH₄⁺) and nitrate (NO₃⁻). Nitrogen is essential for plant growth, being a vital component of amino acids, proteins, and chlorophyll. Total nitrogen is a key indicator of soil fertility and its capacity to sustain long-term crop productivity. Source: Brady & Weil (2017).",,,True,"ISRIC Report 2019/01: Tier 1 and Tier 2 data in the context of the federated Global Soil Information System. Appendix 3,ISRIC Report 2014/01: Africa Soil Profiles Database Version 1.2. Annex 3a",947,IJGRMHOSHXDMSA-UHFFFAOYSA-N,1S/N2/c1-2
Layer-Horizon,physioChemical,Hydcond,,Hydcond,Hydraulic conductivity,"Hydraulic conductivity refers to the rate at which water moves through soil pores under a unit hydraulic gradient. It reflects the soil's ability to transmit water, influenced by texture, structure, and porosity. Soils with high hydraulic conductivity, like sandy soils, allow rapid water movement, while clayey soils exhibit slower water flow. This property is critical for understanding water infiltration, drainage, and irrigation management. Source: Brady, N.C., & Weil, R.R. (2017). The Nature and Properties of Soils.",,,True,"ISRIC Report 2019/01: Tier 1 and Tier 2 data in the context of the federated Global Soil Information System. Appendix 3,ISRIC Report 2014/01: Africa Soil Profiles Database Version 1.2. Annex 3a",,,
Layer-Horizon,physioChemical,Nit2,,Nit2,Nitrite (NO2-) - soluble,Soluble Nitrite anions accumulated in the soil. A contributor to soil salinisation.,,,True,"ISRIC Report 2019/01: Tier 1 and Tier 2 data in the context of the federated Global Soil Information System. Appendix 3,ISRIC Report 2014/01: Africa Soil Profiles Database Version 1.2. Annex 3a",946,IOVCWXUNBOPUCH-UHFFFAOYSA-M,"1S/HNO2/c2-1-3/h(H,2,3)/p-1"
Layer-Horizon,physioChemical,Ccetot,,Ccetot,Calcium carbonate equivalent - total,"The total calcium carbonate equivalent measures the full capacity of soil to neutralize acidity, considering all forms of carbonate and bicarbonate minerals. It is essential for managing soil pH and nutrient availability in acidic soils. Source: FAO Soil Bulletin.",,,True,"ISRIC Report 2019/01: Tier 1 and Tier 2 data in the context of the federated Global Soil Information System. Appendix 3,ISRIC Report 2014/01: Africa Soil Profiles Database Version 1.2. Annex 3a",10112,VTYYLEPIZMXCLO-UHFFFAOYSA-L,"1S/CH2O3.Ca/c2-1(3)4;/h(H2,2,3,4);/q;+2/p-2"
Layer-Horizon,physioChemical,Siloxa,,Siloxa,Silicon (Si) - oxalate extractable,'Active' silicon content extracted from amorphous silicon compounds that are the products of the weathering of primary soil particles,,,True,"ISRIC Report 2019/01: Tier 1 and Tier 2 data in the context of the federated Global Soil Information System. Appendix 3,ISRIC Report 2014/01: Africa Soil Profiles Database Version 1.2. Annex 3a",5461123,XUIMIQQOPSSXEZ-UHFFFAOYSA-N,1S/Si
Layer-Horizon,physioChemical,Aciext,,Aciext,Acidity - extractable,"Extractable acidity measures the active acidity in soil, including hydrogen ions in the soil solution and weakly bound to colloids. It is critical for assessing lime requirements and addressing soil pH imbalances to improve plant growth. Source: Soil Chemistry by Bohn et al.",,,True,"ISRIC Report 2019/01: Tier 1 and Tier 2 data in the context of the federated Global Soil Information System. Appendix 3,ISRIC Report 2014/01: Africa Soil Profiles Database Version 1.2. Annex 3a",,,
Layer-Horizon,physioChemical,Selext,,Selext,Selenium (Se) - extractable,Selenium bound to the soil matrix but that can be released into the soil solution (i.e. become bio-available),,,True,"ISRIC Report 2019/01: Tier 1 and Tier 2 data in the context of the federated Global Soil Information System. Appendix 3,ISRIC Report 2014/01: Africa Soil Profiles Database Version 1.2. Annex 3a",6326970,BUGBHKTXTAQXES-UHFFFAOYSA-N,1S/Se
Layer-Horizon,physioChemical,Hydexc,,Hydexc,Hydrogen (H+) - exchangeable,Hydrogen ions bound to exchange surfaces in the soil such as clay minerals and organic matter that can be released to the soil solution upon exchange,,,True,"ISRIC Report 2019/01: Tier 1 and Tier 2 data in the context of the federated Global Soil Information System. Appendix 3,ISRIC Report 2014/01: Africa Soil Profiles Database Version 1.2. Annex 3a",1038,GPRLSGONYQIRFK-UHFFFAOYSA-N,1S/p+1
Layer-Horizon,physioChemical,Irooxa,,Irooxa,Iron (Fe) - oxalate extractable,'Active' iron content extracted from amorphous iron compounds that are the products of the weathering of primary soil particles,,,True,"ISRIC Report 2019/01: Tier 1 and Tier 2 data in the context of the federated Global Soil Information System. Appendix 3,ISRIC Report 2014/01: Africa Soil Profiles Database Version 1.2. Annex 3a",23925,XEEYBQQBJWHFJM-UHFFFAOYSA-N,1S/Fe
Layer-Horizon,physioChemical,Seltot,,Seltot,Selenium (Se) - total,"Total selenium includes all selenium forms in soil, ranging from organic selenium in humus to inorganic selenium compounds. While trace amounts are essential for animal and human nutrition, excessive selenium can be toxic. Understanding selenium levels is critical for food safety and environmental management. Source: Sparks, D.L. (2003). Environmental Soil Chemistry.",,,True,"ISRIC Report 2019/01: Tier 1 and Tier 2 data in the context of the federated Global Soil Information System. Appendix 3,ISRIC Report 2014/01: Africa Soil Profiles Database Version 1.2. Annex 3a",6326970,BUGBHKTXTAQXES-UHFFFAOYSA-N,1S/Se
Layer-Horizon,physioChemical,BulDwhole,,BulDwhole,Bulk Density of the whole soil,"Bulk density measures the mass of soil per unit volume, including both solids and pore spaces. It is a critical parameter for assessing soil compaction, porosity, and water infiltration capacity. High bulk density often indicates poor aeration and root penetration, while low values are associated with high organic matter content and good structure. Source: USDA NRCS.",,,True,"ISRIC Report 2019/01: Tier 1 and Tier 2 data in the context of the federated Global Soil Information System. Appendix 3,ISRIC Report 2014/01: Africa Soil Profiles Database Version 1.2. Annex 3a",,,
Layer-Horizon,physioChemical,Sodexc,,Sodexc,Sodium (Na+) - exchangeable %,"Exchangeable sodium percentage (ESP) measures the proportion of sodium ions in the cation exchange complex. High ESP levels (>15%) indicate sodic soils, which are prone to poor structure, reduced permeability, and nutrient imbalances. Management strategies include gypsum application and leaching. Source: USDA NRCS.",,,True,"ISRIC Report 2019/01: Tier 1 and Tier 2 data in the context of the federated Global Soil Information System. Appendix 3,ISRIC Report 2014/01: Africa Soil Profiles Database Version 1.2. Annex 3a",923,FKNQFGJONOIPTF-UHFFFAOYSA-N,1S/Na/q+1
Layer-Horizon,physioChemical,Magtot,,Magtot,Magnesium (Mg) - total,"Total magnesium in soil includes exchangeable, soluble, and mineral-bound forms. Magnesium is essential for chlorophyll synthesis, enzyme activation, and nutrient transport in plants. Its availability is influenced by soil pH and texture. Source: Havlin et al. (2014).",,,True,"ISRIC Report 2019/01: Tier 1 and Tier 2 data in the context of the federated Global Soil Information System. Appendix 3,ISRIC Report 2014/01: Africa Soil Profiles Database Version 1.2. Annex 3a",5462224,FYYHWMGAXLPEAU-UHFFFAOYSA-N,1S/Mg
Layer-Horizon,physioChemical,Carhum,,Carhum,Carbon (C) - humic acid,"Humic acid carbon is part of the soil organic matter, forming during the decomposition of plant and animal residues. It enhances nutrient retention, soil structure, and water-holding capacity, playing a vital role in maintaining soil fertility and resilience. Source: Stevenson, F.J. (1994). Humus Chemistry: Genesis, Composition, Reactions.",,,True,"ISRIC Report 2019/01: Tier 1 and Tier 2 data in the context of the federated Global Soil Information System. Appendix 3,ISRIC Report 2014/01: Africa Soil Profiles Database Version 1.2. Annex 3a",5462310,OKTJSMMVPCPJKN-UHFFFAOYSA-N,1S/C
Layer-Horizon,physioChemical,Calext,,Calext,Calcium (Ca++) - extractable,Calcium bound to the soil matrix but that can be released into the soil solution (i.e. become bio-available),,,True,"ISRIC Report 2019/01: Tier 1 and Tier 2 data in the context of the federated Global Soil Information System. Appendix 3,ISRIC Report 2014/01: Africa Soil Profiles Database Version 1.2. Annex 3a",271,BHPQYMZQTOCNFJ-UHFFFAOYSA-N,1S/Ca/q+2
Layer-Horizon,physioChemical,Potsol,,Potsol,Potassium (K+) - soluble,Soluble Potassium cations accumulated in the soil. A contributor to soil salinisation.,,,True,"ISRIC Report 2019/01: Tier 1 and Tier 2 data in the context of the federated Global Soil Information System. Appendix 3,ISRIC Report 2014/01: Africa Soil Profiles Database Version 1.2. Annex 3a",813,NPYPAHLBTDXSSS-UHFFFAOYSA-N,1S/K/q+1
Layer-Horizon,physioChemical,Eleccond,,Eleccond,Electrical conductivity,"Electrical conductivity (EC) measures the ability of soil to conduct an electrical current, which is directly related to the concentration of soluble salts. It is an essential indicator of soil salinity and is used to assess soil's suitability for crop growth. High EC levels can reduce plant water uptake and affect germination, while low levels indicate low salinity and better soil health. Source: USDA NRCS.",,,True,"ISRIC Report 2019/01: Tier 1 and Tier 2 data in the context of the federated Global Soil Information System. Appendix 3,ISRIC Report 2014/01: Africa Soil Profiles Database Version 1.2. Annex 3a",,,
Layer-Horizon,physioChemical,Iropyr,,Iropyr,Iron (Fe) - pyrophosphate extractable,Iron in soil that is organically bound in organo-metal complexes,,,True,"ISRIC Report 2019/01: Tier 1 and Tier 2 data in the context of the federated Global Soil Information System. Appendix 3,ISRIC Report 2014/01: Africa Soil Profiles Database Version 1.2. Annex 3a",23925,XEEYBQQBJWHFJM-UHFFFAOYSA-N,1S/Fe
Layer-Horizon,physioChemical,Carorg,,Carorg,Carbon (C) - organic,"Organic carbon refers to the carbon component of soil organic matter, derived from decomposed plant and microbial residues. It serves as a key energy source for soil microbes and influences nutrient cycling, soil structure, and water retention. Organic carbon is a primary indicator of soil fertility and health. Source: Brady & Weil (2017).",,,True,"ISRIC Report 2019/01: Tier 1 and Tier 2 data in the context of the federated Global Soil Information System. Appendix 3,ISRIC Report 2014/01: Africa Soil Profiles Database Version 1.2. Annex 3a",5462310,OKTJSMMVPCPJKN-UHFFFAOYSA-N,1S/C
Layer-Horizon,physioChemical,Cartoh,,Cartoh,Carbon (C) - total humic,"Total humic carbon represents the stable fraction of soil organic matter derived from humified materials. It improves soil structure, nutrient retention, and water-holding capacity, making it critical for long-term soil health and productivity. Source: Stevenson, F.J. (1994).",,,True,"ISRIC Report 2019/01: Tier 1 and Tier 2 data in the context of the federated Global Soil Information System. Appendix 3,ISRIC Report 2014/01: Africa Soil Profiles Database Version 1.2. Annex 3a",5462310,OKTJSMMVPCPJKN-UHFFFAOYSA-N,1S/C
Layer-Horizon,physioChemical,Calfra,,Calfra,Calcium carbonate equivalent - fraction,"This term quantifies the fraction of calcium carbonate (CaCO₃) in soil, indicating its lime content. Calcium carbonate acts as a pH buffer, neutralizing soil acidity and enhancing nutrient availability. High levels improve soil structure and aggregate stability, making it especially valuable for acidic soils. Source: FAO Soil Bulletin.",,,True,"ISRIC Report 2019/01: Tier 1 and Tier 2 data in the context of the federated Global Soil Information System. Appendix 3,ISRIC Report 2014/01: Africa Soil Profiles Database Version 1.2. Annex 3a",10112,VTYYLEPIZMXCLO-UHFFFAOYSA-L,"1S/CH2O3.Ca/c2-1(3)4;/h(H2,2,3,4);/q;+2/p-2"
Layer-Horizon,physioChemical,Carinorg,,Carinorg,Carbon (C) - inorganic,"Inorganic carbon in soil primarily consists of carbonates like calcium carbonate and magnesium carbonate. It contributes to soil pH buffering and is a significant feature of arid and calcareous soils. Excess inorganic carbon can immobilize certain nutrients, requiring careful management in agricultural systems. Source: Soil Science Society of America.",,,True,"ISRIC Report 2019/01: Tier 1 and Tier 2 data in the context of the federated Global Soil Information System. Appendix 3,ISRIC Report 2014/01: Africa Soil Profiles Database Version 1.2. Annex 3a",5462310,OKTJSMMVPCPJKN-UHFFFAOYSA-N,1S/C
Layer-Horizon,physioChemical,Sodsol,,Sodsol,Sodium (Na+) - soluble,Soluble Sodium cations accumulated in the soil. A contributor to soil salinisation.,,,True,"ISRIC Report 2019/01: Tier 1 and Tier 2 data in the context of the federated Global Soil Information System. Appendix 3,ISRIC Report 2014/01: Africa Soil Profiles Database Version 1.2. Annex 3a",923,FKNQFGJONOIPTF-UHFFFAOYSA-N,1S/Na/q+1
Layer-Horizon,physioChemical,Alutot,,Alutot,Aluminium (Al) total,"Total concentration of aluminium in the soil, including both soluble and insoluble forms, typically measured after complete digestion of the soil sample.",,,True,"ISRIC Report 2019/01: Tier 1 and Tier 2 data in the context of the federated Global Soil Information System. Appendix 3,ISRIC Report 2014/01: Africa Soil Profiles Database Version 1.2. Annex 3a",5359268,XAGFODPZIPBFFR-UHFFFAOYSA-N,1S/Al
Layer-Horizon,physioChemical,BulDfine,,BulDfine,Bulk Density of the fine earth fraction,"This parameter measures the bulk density of the soil fraction smaller than 2 mm (excluding rocks and coarse fragments). It is used to assess the physical properties of soil related to root growth, water movement, and compaction. Source: Soil Science Society of America.",,,True,"ISRIC Report 2019/01: Tier 1 and Tier 2 data in the context of the federated Global Soil Information System. Appendix 3,ISRIC Report 2014/01: Africa Soil Profiles Database Version 1.2. Annex 3a",,,
Layer-Horizon,physioChemical,Sodexp,,Sodexp,Sodium (Na+) - exchangeable,Sodium bound to exchange surfaces in the soil such as clay minerals and organic matter that can be released to the soil solution upon exchange,,,True,"ISRIC Report 2019/01: Tier 1 and Tier 2 data in the context of the federated Global Soil Information System. Appendix 3,ISRIC Report 2014/01: Africa Soil Profiles Database Version 1.2. Annex 3a",923,FKNQFGJONOIPTF-UHFFFAOYSA-N,1S/Na/q+1
Layer-Horizon,physioChemical,Sultot,,Sultot,Sulfur (S) - total,"Total sulfur in soil includes both organic and inorganic forms, such as sulfates and sulfur in organic matter. Sulfur is essential for protein synthesis and enzyme functions in plants. Deficiency leads to stunted growth and yellowing of leaves. Total sulfur provides insight into the soil's potential to release plant-available sulfur over time, critical for sustaining crop health. Source: Havlin, J.L., et al. (2014). Soil Fertility and Fertilizers.",,,True,"ISRIC Report 2019/01: Tier 1 and Tier 2 data in the context of the federated Global Soil Information System. Appendix 3,ISRIC Report 2014/01: Africa Soil Profiles Database Version 1.2. Annex 3a",5362487,NINIDFKCEFEMDL-UHFFFAOYSA-N,1S/S
Layer-Horizon,physioChemical,Zin,,Zin,Zinc (Zn),"Zinc is a micronutrient essential for plant enzyme systems, protein synthesis, and growth regulation. Deficiency is common in calcareous soils and results in stunted growth and chlorosis. Zinc fertilizers or soil pH adjustments can address deficiencies. Source: Havlin et al. (2014).",,,True,"ISRIC Report 2019/01: Tier 1 and Tier 2 data in the context of the federated Global Soil Information System. Appendix 3,ISRIC Report 2014/01: Africa Soil Profiles Database Version 1.2. Annex 3a",23994,HCHKCACWOHOZIP-UHFFFAOYSA-N,1S/Zn
Layer-Horizon,physioChemical,Bascal,,Bascal,Base saturation - calculated,"Base saturation represents the percentage of the soil's cation exchange capacity (CEC) occupied by basic cations such as calcium (Ca²⁺), magnesium (Mg²⁺), potassium (K⁺), and sodium (Na⁺). Higher base saturation typically correlates with higher fertility and a greater ability to supply essential nutrients to plants. This parameter also influences soil pH buffering capacity. Source: Brady & Weil (2017).",,,True,"ISRIC Report 2019/01: Tier 1 and Tier 2 data in the context of the federated Global Soil Information System. Appendix 3,ISRIC Report 2014/01: Africa Soil Profiles Database Version 1.2. Annex 3a",,,
Layer-Horizon,physioChemical,Phooxa,,Phooxa,Phosphorus (P) - oxalate extractable,'Active' phosphorus content extracted from amorphous phosphorus compounds that are the products of the weathering of primary soil particles,,,True,"ISRIC Report 2019/01: Tier 1 and Tier 2 data in the context of the federated Global Soil Information System. Appendix 3,ISRIC Report 2014/01: Africa Soil Profiles Database Version 1.2. Annex 3a",5462309,OAICVXFJPJFONN-UHFFFAOYSA-N,1S/P
Layer-Horizon,physioChemical,Manoxa,,Manoxa,Manganese (Mn) - oxalate extractable,'Active' manganese content extracted from amorphous manganese compounds that are the products of the weathering of primary soil particles,,,True,"ISRIC Report 2019/01: Tier 1 and Tier 2 data in the context of the federated Global Soil Information System. Appendix 3,ISRIC Report 2014/01: Africa Soil Profiles Database Version 1.2. Annex 3a",23930,PWHULOQIROXLJO-UHFFFAOYSA-N,1S/Mn
Layer-Horizon,physioChemical,Pho,,Pho,Phosphate (PO4---) - soluble,Soluble Phosphate anions accumulated in the soil. A contributor to soil salinisation.,,,True,"ISRIC Report 2019/01: Tier 1 and Tier 2 data in the context of the federated Global Soil Information System. Appendix 3,ISRIC Report 2014/01: Africa Soil Profiles Database Version 1.2. Annex 3a",1061,NBIIXXVUZAFLBC-UHFFFAOYSA-K,"1S/H3O4P/c1-5(2,3)4/h(H3,1,2,3,4)/p-3"
Layer-Horizon,physioChemical,Magexc,,Magexc,Magnesium (Mg++) - exchangeable,Magnesium bound to exchange surfaces in the soil such as clay minerals and organic matter that can be released to the soil solution upon exchange,,,True,"ISRIC Report 2019/01: Tier 1 and Tier 2 data in the context of the federated Global Soil Information System. Appendix 3,ISRIC Report 2014/01: Africa Soil Profiles Database Version 1.2. Annex 3a",888,JLVVSXFLKOJNIY-UHFFFAOYSA-N,1S/Mg/q+2
Layer-Horizon,physioChemical,Solsal,,Solsal,Soluble salts,"Soluble salts refer to dissolved salts in the soil solution, primarily composed of sodium, calcium, magnesium, chloride, and sulfate ions. Excessive soluble salts cause salinity, which can impair plant water uptake and lead to osmotic stress. EC testing helps monitor salinity levels for effective management. Source: Soil Science Society of America.",,,True,"ISRIC Report 2019/01: Tier 1 and Tier 2 data in the context of the federated Global Soil Information System. Appendix 3,ISRIC Report 2014/01: Africa Soil Profiles Database Version 1.2. Annex 3a",,,
Layer-Horizon,physioChemical,Calexc,,Calexc,Calcium (Ca++) - exchangeable,Calcium bound to exchange surfaces in the soil such as clay minerals and organic matter that can be released to the soil solution upon exchange,,,True,"ISRIC Report 2019/01: Tier 1 and Tier 2 data in the context of the federated Global Soil Information System. Appendix 3,ISRIC Report 2014/01: Africa Soil Profiles Database Version 1.2. Annex 3a",271,BHPQYMZQTOCNFJ-UHFFFAOYSA-N,1S/Ca/q+2
Layer-Horizon,physioChemical,Carful,,Carful,Carbon (C) - fulvic acid,"Fulvic acid carbon is the most soluble and bioavailable fraction of soil organic matter. It plays a significant role in improving nutrient uptake, soil structure, and microbial activity, thereby enhancing soil productivity. Source: Stevenson, F.J. (1994).",,,True,"ISRIC Report 2019/01: Tier 1 and Tier 2 data in the context of the federated Global Soil Information System. Appendix 3,ISRIC Report 2014/01: Africa Soil Profiles Database Version 1.2. Annex 3a",5462310,OKTJSMMVPCPJKN-UHFFFAOYSA-N,1S/C
Layer-Horizon,physioChemical,Potext,,Potext,Potassium (K) - extractable,Potassium bound to the soil matrix but that can be released into the soil solution (i.e. become bio-available),,,True,"ISRIC Report 2019/01: Tier 1 and Tier 2 data in the context of the federated Global Soil Information System. Appendix 3,ISRIC Report 2014/01: Africa Soil Profiles Database Version 1.2. Annex 3a",5462222,ZLMJMSJWJFRBEC-UHFFFAOYSA-N,1S/K
Layer-Horizon,physioChemical,Brod,,Brod,Bromide (Br-) - extractable,Bromide bound to the soil matrix but that can be released into the soil solution (i.e. become bio-available),,,True,"ISRIC Report 2019/01: Tier 1 and Tier 2 data in the context of the federated Global Soil Information System. Appendix 3,ISRIC Report 2014/01: Africa Soil Profiles Database Version 1.2. Annex 3a",259,CPELXLSAUQHCOX-UHFFFAOYSA-M,1S/BrH/h1H/p-1
Layer-Horizon,physioChemical,Aludit,,Aludit,Aluminium (Al) - dithionite extractable,"'Free' aluminium content extracted from amorphous compounds (weathering products) as well as crystaline, primary aluminium compounds (parent material) in the soil.",,,True,"ISRIC Report 2019/01: Tier 1 and Tier 2 data in the context of the federated Global Soil Information System. Appendix 3,ISRIC Report 2014/01: Africa Soil Profiles Database Version 1.2. Annex 3a",5359268,XAGFODPZIPBFFR-UHFFFAOYSA-N,1S/Al
Layer-Horizon,physioChemical,Zinext,,Zinext,Zinc (Zn) - extractable,Zinc bound to the soil matrix but that can be released into the soil solution (i.e. become bio-available),,,True,"ISRIC Report 2019/01: Tier 1 and Tier 2 data in the context of the federated Global Soil Information System. Appendix 3,ISRIC Report 2014/01: Africa Soil Profiles Database Version 1.2. Annex 3a",23994,HCHKCACWOHOZIP-UHFFFAOYSA-N,1S/Zn
Layer-Horizon,physioChemical,Iroext,,Iroext,Iron (Fe) - extractable,Iron bound to the soil matrix but that can be released into the soil solution (i.e. become bio-available),,,True,"ISRIC Report 2019/01: Tier 1 and Tier 2 data in the context of the federated Global Soil Information System. Appendix 3,ISRIC Report 2014/01: Africa Soil Profiles Database Version 1.2. Annex 3a",23925,XEEYBQQBJWHFJM-UHFFFAOYSA-N,1S/Fe
Layer-Horizon,physioChemical,Sodext,,Sodext,Sodium (Na) - extractable,Sodium bound to the soil matrix but that can be released into the soil solution (i.e. become bio-available),,,True,"ISRIC Report 2019/01: Tier 1 and Tier 2 data in the context of the federated Global Soil Information System. Appendix 3,ISRIC Report 2014/01: Africa Soil Profiles Database Version 1.2. Annex 3a",5360545,KEAYESYHFKHZAL-UHFFFAOYSA-N,1S/Na
Layer-Horizon,physioChemical,Alupyr,,Alupyr,Aluminium (Al) - pyrophosphate extractable,Aluminium in soil that is organically bound in organo-metal complexes,,,True,"ISRIC Report 2019/01: Tier 1 and Tier 2 data in the context of the federated Global Soil Information System. Appendix 3,ISRIC Report 2014/01: Africa Soil Profiles Database Version 1.2. Annex 3a",5359268,XAGFODPZIPBFFR-UHFFFAOYSA-N,1S/Al
Layer-Horizon,physioChemical,CEC,,CEC,Cation exchange capacity (CEC),"CEC measures the soil’s ability to hold and exchange positively charged ions (cations). It is a critical indicator of soil fertility, as higher CEC values imply greater capacity to retain essential nutrients like calcium, magnesium, and potassium. Clayey and organic-rich soils typically exhibit higher CEC. Source: Soil Science Society of America.",,,True,"ISRIC Report 2019/01: Tier 1 and Tier 2 data in the context of the federated Global Soil Information System. Appendix 3,ISRIC Report 2014/01: Africa Soil Profiles Database Version 1.2. Annex 3a",,,
Layer-Horizon,physioChemical,Chl,,Chl,Chloride (Cl-) - soluble,Soluble Chloride anions accumulated in the soil. A contributor to soil salinisation.,,,True,"ISRIC Report 2019/01: Tier 1 and Tier 2 data in the context of the federated Global Soil Information System. Appendix 3,ISRIC Report 2014/01: Africa Soil Profiles Database Version 1.2. Annex 3a",312,VEXZGXHMUGYJMC-UHFFFAOYSA-M,1S/ClH/h1H/p-1
Layer-Horizon,physioChemical,Bortot,,Bortot,Boron (B) - total,"Total boron includes all boron forms in soil, crucial for plant cell wall formation and reproductive processes. Deficiency can impair growth, while toxicity is a risk in arid soils or with excessive irrigation. Source: Havlin et al. (2014).",,,True,"ISRIC Report 2019/01: Tier 1 and Tier 2 data in the context of the federated Global Soil Information System. Appendix 3,ISRIC Report 2014/01: Africa Soil Profiles Database Version 1.2. Annex 3a",5462311,ZOXJGFHDIHLPTG-UHFFFAOYSA-N,1S/B
Layer-Horizon,physioChemical,Nit3,,Nit3,Nitrate (NO3-) - soluble,Soluble Nitrate anions accumulated in the soil. A contributor to soil salinisation.,,,True,"ISRIC Report 2019/01: Tier 1 and Tier 2 data in the context of the federated Global Soil Information System. Appendix 3,ISRIC Report 2014/01: Africa Soil Profiles Database Version 1.2. Annex 3a",943,NHNBFGGVMKEFGY-UHFFFAOYSA-N,1S/NO3/c2-1(3)4/q-1
Layer-Horizon,physioChemical,Orgmat,,Orgmat,Organic matter,"Soil organic matter is composed of decomposed plant and animal residues, living soil organisms, and humus. It improves soil structure, water retention, nutrient supply, and microbial activity, making it critical for sustainable agriculture and soil health. Source: Brady & Weil (2017).",,,True,"ISRIC Report 2019/01: Tier 1 and Tier 2 data in the context of the federated Global Soil Information System. Appendix 3,ISRIC Report 2014/01: Africa Soil Profiles Database Version 1.2. Annex 3a",,,
Layer-Horizon,physioChemical,Sodtot,,Sodtot,Sodium (Na) - total,"Total sodium includes all sodium present in soil, both soluble and bound. Excess sodium can lead to sodicity, which disrupts soil structure, reduces permeability, and impairs plant growth. Monitoring sodium levels is crucial for managing soil salinity in arid and irrigated regions. Source: Bohn, H.L., et al. (2001). Soil Chemistry.",,,True,"ISRIC Report 2019/01: Tier 1 and Tier 2 data in the context of the federated Global Soil Information System. Appendix 3,ISRIC Report 2014/01: Africa Soil Profiles Database Version 1.2. Annex 3a",5360545,KEAYESYHFKHZAL-UHFFFAOYSA-N,1S/Na
Layer-Horizon,physioChemical,Phoext,,Phoext,Phosphorus (P) - extractable,Phosphorus bound to the soil matrix but that can be released into the soil solution (i.e. become bio-available),,,True,"ISRIC Report 2019/01: Tier 1 and Tier 2 data in the context of the federated Global Soil Information System. Appendix 3,ISRIC Report 2014/01: Africa Soil Profiles Database Version 1.2. Annex 3a",5462309,OAICVXFJPJFONN-UHFFFAOYSA-N,1S/P
Layer-Horizon,physioChemical,Mantot,,Mantot,Manganese (Mn) - total,"Total manganese refers to all forms of manganese in the soil, which is critical for photosynthesis, enzyme activation, and nitrogen metabolism in plants. Manganese deficiencies or toxicities are influenced by soil pH, with deficiencies occurring in high-pH soils and toxicities in low-pH, waterlogged soils.  Source: Brady & Weil (2017).",,,True,"ISRIC Report 2019/01: Tier 1 and Tier 2 data in the context of the federated Global Soil Information System. Appendix 3,ISRIC Report 2014/01: Africa Soil Profiles Database Version 1.2. Annex 3a",23930,PWHULOQIROXLJO-UHFFFAOYSA-N,1S/Mn
Layer-Horizon,physioChemical,Coptot,,Coptot,Copper (Cu) - total,"Total copper comprises all soil copper, including bound and free forms. Copper is vital for plant enzyme activation and metabolic processes. Deficiencies can lead to reduced growth and yields, while excess copper may inhibit root development. Source: Soil Science Society of America.",,,True,"ISRIC Report 2019/01: Tier 1 and Tier 2 data in the context of the federated Global Soil Information System. Appendix 3,ISRIC Report 2014/01: Africa Soil Profiles Database Version 1.2. Annex 3a",23978,RYGMFSIKBFXOCR-UHFFFAOYSA-N,1S/Cu
Layer-Horizon,physioChemical,ECEC,,ECEC,Cation exchange capacity effective (ECEC),"ECEC is the sum of exchangeable cations in soil at its natural pH. It provides a measure of the soil’s fertility under acidic conditions, as it considers both base cations and exchangeable aluminum. Source: Brady & Weil (2017).",,,True,"ISRIC Report 2019/01: Tier 1 and Tier 2 data in the context of the federated Global Soil Information System. Appendix 3,ISRIC Report 2014/01: Africa Soil Profiles Database Version 1.2. Annex 3a",,,
Layer-Horizon,physioChemical,Magsol,,Magsol,Magnesium (Mg++) - soluble,Soluble Magnesium cations accumulated in the soil. A contributor to soil salinisation.,,,True,"ISRIC Report 2019/01: Tier 1 and Tier 2 data in the context of the federated Global Soil Information System. Appendix 3,ISRIC Report 2014/01: Africa Soil Profiles Database Version 1.2. Annex 3a",888,JLVVSXFLKOJNIY-UHFFFAOYSA-N,1S/Mg/q+2
