obs,prop
http://w3id.org/glosis/model/common/SoilDepthBedrock,http://w3id.org/glosis/model/common/soilDepthBedrockProperty
http://w3id.org/glosis/model/common/SoilDepth,http://w3id.org/glosis/model/common/soilDepthProperty
http://w3id.org/glosis/model/common/SoilDepthRootable,http://w3id.org/glosis/model/common/soilDepthRootableProperty
http://w3id.org/glosis/model/common/SoilDepthRootableClass,http://w3id.org/glosis/model/common/soilDepthRootableClassProperty
http://w3id.org/glosis/model/common/SoilDepthSampled,http://w3id.org/glosis/model/common/soilDepthSampledProperty
http://w3id.org/glosis/model/common/InfiltrationRateClass,http://w3id.org/glosis/model/common/infiltrationRateClassProperty
http://w3id.org/glosis/model/common/InfiltrationRateNumeric,http://w3id.org/glosis/model/common/infiltrationRateNumericProperty
http://w3id.org/glosis/model/profile/ProfileDescriptionStatus,http://w3id.org/glosis/model/profile/profileDescriptionStatusProperty
http://w3id.org/glosis/model/profile/SoilClassification,http://w3id.org/glosis/model/profile/soilTypeProperty
